<?xml version="1.0" encoding="UTF-8"?>
<project-private xmlns="http://www.netbeans.org/ns/project-private/1">
    <editor-bookmarks xmlns="http://www.netbeans.org/ns/editor-bookmarks/2" lastBookmarkId="0"/>
    <open-files xmlns="http://www.netbeans.org/ns/projectui-open-files/2">
        <group>
            <file>file:/D:/Sangeetha/Technologies/Java%20Design%20Patterns/demos/starlabs/Singleton/src/com/demo/remoteproxy/pattern/server/RemoteHello.java</file>
            <file>file:/D:/Sangeetha/Technologies/Java%20Design%20Patterns/demos/starlabs/Singleton/src/com/demo/remoteproxy/pattern/server/RemoteHelloImpl.java</file>
            <file>file:/D:/Sangeetha/Technologies/Java%20Design%20Patterns/demos/starlabs/Singleton/src/com/demo/flyweight/pattern/FlyWeightFactory.java</file>
        </group>
    </open-files>
</project-private>
